name	domain_cutoffs
fold_otud4xubb_human_model_0B	2-71
q96b97_ub_modelB	2-71
fold_epn2xubb_human_model_0A	3-169_249-318
fold_dux4cxubb_human_model_0B	2-71
fold_otud4xubb_human_model_0A	24-283,288-336
fold_ptgisxubb_human_model_0A	1-104_354-385,105-303_318-353_436-498
fold_rad23axubb_human_model_0A	3-76,160-200,232-285,318-359
fold_muc1xubb_human_model_0B	2-71
fold_muc1xubb_human_model_0A	6-41_1149-1192,1040-1144
fold_rad23axubb_human_model_0B	2-71
fold_dux4cxubb_human_model_0A	14-148
fold_ptgisxubb_human_model_0B	2-71
q96b97_ub_modelA	2-154,271-325
fold_epn2xubb_human_model_0B	2-71
